{
    "players": {
        "computer": {
            "created": 0,
            "last played": 1673215490.489429,
            "games played": 4,
            "wins/loss/draw": [
                4,
                0,
                0
            ],
            "gameids": [
                3,
                8,
                9,
                10
            ],
            "level": 1,
            "xp": 1175.0,
            "password": ""
        },
        "computer1": {
            "created": 0,
            "last played": 1673218064.684385,
            "games played": 1,
            "wins/loss/draw": [
                0,
                1,
                0
            ],
            "gameids": [
                11
            ],
            "level": 1,
            "xp": 0,
            "password": ""
        },
        "computer2": {
            "created": 0,
            "last played": 1673218064.684385,
            "games played": 1,
            "wins/loss/draw": [
                1,
                0,
                0
            ],
            "gameids": [
                11
            ],
            "level": 1,
            "xp": 350.0,
            "password": ""
        },
        "Ankith": {
            "created": 1672655863.394424,
            "last played": 1673215490.489429,
            "games played": 11,
            "wins/loss/draw": [
                4,
                7,
                0
            ],
            "gameids": [
                1,
                2,
                3,
                4,
                5,
                5,
                6,
                7,
                8,
                9,
                10
            ],
            "level": 1,
            "xp": 802.7777777777776,
            "password": "hello1234567"
        },
        "Karun": {
            "created": 1672939469.995948,
            "last played": 1673211644.688905,
            "games played": 4,
            "wins/loss/draw": [
                3,
                1,
                0
            ],
            "gameids": [
                1,
                2,
                6,
                7
            ],
            "level": 1,
            "xp": 555.5555555555555,
            "password": "hello1234567"
        },
        "Ankith1": {
            "created": 1673210730.76519,
            "last played": 1673210753.929894,
            "games played": 1,
            "wins/loss/draw": [
                0,
                1,
                0
            ],
            "gameids": [
                4
            ],
            "level": 1,
            "xp": 0,
            "password": "hello1234567"
        }
    },
    "games": {
        "1": {
            "players": [
                "Karun",
                "Ankith"
            ],
            "winner": "Karun",
            "time": [
                1672939470.027169,
                1672939487.793707
            ],
            "moves": [
                0,
                1,
                3,
                4,
                6
            ]
        },
        "2": {
            "players": [
                "Ankith",
                "Karun"
            ],
            "winner": "Ankith",
            "time": [
                1672939704.542613,
                1672939713.505711
            ],
            "moves": [
                0,
                1,
                3,
                2,
                4,
                5,
                6
            ]
        },
        "3": {
            "players": [
                "computer",
                "Ankith"
            ],
            "winner": "computer",
            "time": [
                1673210583.056225,
                1673210591.450377
            ],
            "moves": [
                6,
                0,
                8,
                7,
                2,
                4,
                5
            ]
        },
        "4": {
            "players": [
                "Ankith",
                "Ankith1"
            ],
            "winner": "Ankith",
            "time": [
                1673210745.81354,
                1673210753.929894
            ],
            "moves": [
                0,
                1,
                2,
                3,
                4,
                5,
                6
            ]
        },
        "5": {
            "players": [
                "Ankith",
                "Ankith"
            ],
            "winner": "Ankith",
            "time": [
                1673210818.634147,
                1673210830.156228
            ],
            "moves": [
                0,
                1,
                2,
                3,
                4,
                5,
                6
            ]
        },
        "6": {
            "players": [
                "Karun",
                "Ankith"
            ],
            "winner": "Karun",
            "time": [
                1673211584.596935,
                1673211614.492452
            ],
            "moves": [
                0,
                1,
                2,
                3,
                4,
                5,
                6
            ]
        },
        "7": {
            "players": [
                "Karun",
                "Ankith"
            ],
            "winner": "Karun",
            "time": [
                1673211638.778364,
                1673211644.688905
            ],
            "moves": [
                0,
                2,
                4,
                6,
                8
            ]
        },
        "8": {
            "players": [
                "computer",
                "Ankith"
            ],
            "winner": "computer",
            "time": [
                1673214987.500437,
                1673214992.336844
            ],
            "moves": [
                6,
                0,
                8,
                1,
                7
            ]
        },
        "9": {
            "players": [
                "computer",
                "Ankith"
            ],
            "winner": "computer",
            "time": [
                1673215377.5115,
                1673215381.610863
            ],
            "moves": [
                8,
                0,
                2,
                1,
                5
            ]
        },
        "10": {
            "players": [
                "computer",
                "Ankith"
            ],
            "winner": "computer",
            "time": [
                1673215485.078554,
                1673215490.489429
            ],
            "moves": [
                0,
                1,
                6,
                2,
                3
            ]
        },
        "11": {
            "players": [
                "computer2",
                "computer1"
            ],
            "winner": "computer2",
            "time": [
                1673218060.779531,
                1673218064.684385
            ],
            "moves": [
                6,
                2,
                8,
                7,
                0,
                3,
                4
            ]
        }
    },
    "totalgames": 11
}